"chr","start.bp","end.bp","length.bp","number.bps","number.bps.clustered","avgDist.bp","no.samples","no.del","no.dup","no.inv","no.trn","firstBp","lastBp","step.left","step.right","pvalue","d.seg","rate.factor","d.bg","d.obs.exp","hotspot.id"
"13",48898738,49035729,136991,25,0,3.41134996028078,14,0,24,0,1,246,270,-1.07686425885987,-1.01408299308733,0,0.000182493740464702,19.0540880434429,8.58483691463069e-06,21.2576828516902,"RS3_chr13_48.9Mb"
"7",92044943,92358020,313077,29,0,3.69193266904213,12,0,28,0,1,784,812,-0.723548889826262,-0.672788840228918,0,9.2628969870032e-05,9.67134841328098,1.18605527591184e-05,7.80983582732419,"RS3_chr7_92Mb"
"10",89678926,89722976,44050,29,0,2.93501917958297,15,0,28,0,1,864,892,-1.45126502899139,-1.48145885616397,0,0.000658342792281498,68.7372700836497,9.40164879406867e-06,70.0241847681903,"RS3_chr10_89.7Mb"
"11",64712254,65359025,646771,40,0,3.79402225790308,17,0,39,0,1,626,665,-0.634758500795012,-0.635154696106814,0,6.18456919064089e-05,6.45728042886099,1.26441126053382e-05,4.89126392945111,"RS3_chr11_64.7Mb"
